latitude,longitude,start_date,end_date,site_name,site_id
41.7813,-122.611,8/24/16,8/30/16,Yreka-Foothill Drive,2752
41.79319,-122.69296,7/18/20,7/28/20,Yreka-Foothill Drive,2752
40.7412,-122.946,8/24/14,8/28/14,Weaverville-Courthouse,3132
40.724898,-122.96174,8/25/15,8/29/15,Weaverville-Courthouse,3132
40.5953,-122.4397,7/7/15,7/8/15,Redding-Health Dept Roof,2829
40.48972,-122.38619,7/15/17,1/9/18,Redding-Health Dept Roof,2829
40.47106,-122.43608,7/18/17,1/9/18,Redding-Health Dept Roof,2829
40.50318,-122.42308,6/24/18,1/4/19,Redding-Health Dept Roof,2829
40.60866,-122.38366,10/14/18,1/4/19,Redding-Health Dept Roof,2829
40.581893,-122.449341,8/10/24,8/14/24,Redding-Health Dept Roof,2829
40.19611,-122.26736,8/3/16,8/4/16,Red Bluff-1834 Walnut Street,3816
40.10282,-122.27379,6/24/17,1/9/18,Red Bluff-1834 Walnut Street,3816
40.1583,-122.3209,7/28/17,1/9/18,Red Bluff-1834 Walnut Street,3816
40.20077,-122.24731,10/3/17,1/9/18,Red Bluff-1834 Walnut Street,3816
40.24789,-122.255,10/8/17,1/9/18,Red Bluff-1834 Walnut Street,3816
40.201826,-122.29388,6/1/18,1/4/19,Red Bluff-1834 Walnut Street,3816
40.12791,-122.19792,6/23/18,1/4/19,Red Bluff-1834 Walnut Street,3816
40.18395,-122.27574,6/23/18,1/4/19,Red Bluff-1834 Walnut Street,3816
40.22027778,-122.18,10/7/18,1/4/19,Red Bluff-1834 Walnut Street,3816
40.201159,-122.284309,9/26/24,9/26/24,Red Bluff-1834 Walnut Street,3816
39.9034,-120.9761,7/29/17,1/9/18,Quincy-N Church Street,3020
39.9864,-120.89746,8/20/17,1/9/18,Quincy-N Church Street,3020
39.7947,-121.857,6/11/16,6/11/16,Chico-East Avenue,3783
39.76243,-121.74121,7/19/17,4/12/18,Chico-East Avenue,3783
39.77124,-121.76859,7/12/18,1/4/19,Chico-East Avenue,3783
39.71217,-121.77385,11/29/18,1/4/19,Chico-East Avenue,3783
39.77144,-121.76629,6/17/21,6/19/21,Chico-East Avenue,3783
39.43301,-123.36316,7/30/15,8/3/15,Willits-Blosser Lane,3850
39.37879,-121.68694,6/22/22,6/22/22,Gridley-Cowee Avenue,2630
39.377918,-121.68793,8/9/23,8/9/23,Gridley-Cowee Avenue,2630
39.20427,-121.05948,9/17/16,9/20/16,Grass Valley-Litton Building,3126
39.19325,-121.08406,10/9/17,2/9/18,Grass Valley-Litton Building,3126
39.24549,-121.12792,10/8/17,2/9/18,Grass Valley-Litton Building,3126
39.29241,-121.100352,8/17/20,8/28/20,Grass Valley-Litton Building,3126
39.2805,-121.1329,8/20/22,8/29/22,Grass Valley-Litton Building,3126
39.2333948,-122.0246463,5/24/22,5/28/22,Colusa-Sunrise Blvd,2744
39.232362,-123.202039,9/12/21,9/20/21,Ukiah-County Library,2271
39.15641,-121.56363,6/8/19,6/17/19,Yuba City-Almond Street,2958
39.113682,-120.999508,9/13/14,9/18/14,Colfax-City Hall,3002
39.16826,-120.95498,7/27/17,1/9/18,Colfax-City Hall,3002
39.08805,-121.01468,8/4/21,8/13/21,Colfax-City Hall,3002
39.04941,-120.9526,8/15/22,8/31/22,Colfax-City Hall,3002
38.9361,-121.1548,7/22/15,7/22/15,Auburn-11645 Atwood Road,3789
38.921239,-121.036613,9/5/21,9/14/21,Auburn-11645 Atwood Road,3789
38.8807773,-121.156605,7/19/24,7/21/24,Auburn-11645 Atwood Road,3789
38.8390117,-121.3090268,5/17/16,5/19/16,Lincoln-2885 Moore Road,3841
38.86804,-121.37704,6/21/16,6/21/16,Lincoln-2885 Moore Road,3841
38.89178,-121.33956,6/18/20,6/18/20,Lincoln-2885 Moore Road,3841
38.81111,-121.318472,8/10/20,8/11/20,Lincoln-2885 Moore Road,3841
38.82437,-121.3909,6/24/24,6/25/24,Lincoln-2885 Moore Road,3841
38.63987,-121.08438,7/19/13,7/19/13,Folsom-Natoma Street,3187
38.595865,-121.17693,6/29/18,1/4/19,Folsom-Natoma Street,3187
38.622058,-121.114095,8/2/19,8/2/19,Folsom-Natoma Street,3187
38.686478,-121.103299,8/2/20,8/2/20,Folsom-Natoma Street,3187
38.520981,-121.201927,6/12/20,6/17/20,Sloughhouse,3209
38.474502,-121.172572,8/13/20,8/14/20,Sloughhouse,3209
38.54166,-121.24438,6/17/24,6/19/24,Sloughhouse,3209
38.524067,-121.279094,8/26/24,8/26/24,Sloughhouse,3209
38.323263,-122.796221,6/27/22,6/27/22,Sebastopol-103 Morris Street,3804
38.33475,-122.02564,7/22/16,7/22/16,Vacaville-Ulatis Drive,3678
38.43658,-121.97233,10/2/17,1/9/18,Vacaville-Ulatis Drive,3678
38.42619,-121.97785,6/23/22,6/24/22,Vacaville-Ulatis Drive,3678
38.265241,-121.981732,10/7/23,10/10/23,Vacaville-Ulatis Drive,3678
38.28328,-121.45965,5/8/21,5/8/21,Elk Grove-Bruceville Road,2977
38.1874,-120.6381,8/28/16,8/31/16,San Andreas-Gold Strike Road,3144
38.20176,-120.67848,7/5/17,1/9/18,San Andreas-Gold Strike Road,3144
38.2856696,-120.656662,7/23/24,7/28/24,San Andreas-Gold Strike Road,3144
38.1029,-122.1578,7/10/15,7/10/15,Vallejo-304 Tuolumne Street,2410
38.07481,-122.23004,6/22/17,1/9/18,Vallejo-304 Tuolumne Street,2410
38.02929,-122.25544,7/8/17,1/9/18,Vallejo-304 Tuolumne Street,2410
38.16303,-122.23059,5/21/18,1/4/19,Vallejo-304 Tuolumne Street,2410
38.165873,-122.211671,10/6/19,10/7/19,Vallejo-304 Tuolumne Street,2410
38.03545,-122.2241,10/27/19,10/28/19,Vallejo-304 Tuolumne Street,2410
38.07205,-122.22463,10/27/19,10/28/19,Vallejo-304 Tuolumne Street,2410
38.170366,-122.241128,10/11/21,10/12/21,Vallejo-304 Tuolumne Street,2410
37.97638,-122.5275,6/9/18,1/4/19,San Rafael,2622
38.043415,-122.562044,8/13/24,8/15/24,San Rafael,2622
37.97,-119.14,6/25/16,7/9/16,Lee Vining-SMS,2224
38.015323,-121.998967,6/16/18,1/4/19,Concord-2956-A Treat Blvd,2831
37.94714,-121.9921,6/29/18,1/4/19,Concord-2956-A Treat Blvd,2831
37.97911,-122.11092,10/27/19,10/28/19,Concord-2956-A Treat Blvd,2831
37.994368,-122.002811,6/6/20,6/7/20,Concord-2956-A Treat Blvd,2831
38.0115396,-121.997014,9/11/24,9/11/24,Concord-2956-A Treat Blvd,2831
37.86549,-122.2102,6/5/17,1/9/18,Oakland-West,3742
37.77982,-122.169,9/26/17,1/9/18,Oakland-9925 International Blvd,3247
37.7741494,-122.1569455,10/18/24,10/20/24,Oakland-9925 International Blvd,3247
37.74241,-121.86216,7/6/13,7/6/13,Pleasanton-Owens Ct,3840
37.72543,-121.90516,8/22/17,1/9/18,Pleasanton-Owens Ct,3840
37.7393,-121.85663,10/17/17,1/9/18,Pleasanton-Owens Ct,3840
37.779209,-121.908976,6/19/18,1/4/19,Pleasanton-Owens Ct,3840
37.61158,-121.94182,11/14/18,1/4/19,Pleasanton-Owens Ct,3840
37.70049,-121.97822,8/15/22,8/15/22,Pleasanton-Owens Ct,3840
37.62215,-121.36665,8/20/16,8/20/16,Tracy-Airport,3696
37.63358,-121.49925,9/19/17,4/5/18,Tracy-Airport,3696
37.459222,-122.27742,6/21/22,6/26/22,Redwood City,2125
37.399,-118.352,4/19/14,4/21/14,Bishop-White Mountain Research Center,2116
37.369355,-118.371813,2/16/22,2/26/22,Bishop-White Mountain Research Center,2116
37.41896,-121.79669,7/30/16,7/31/16,San Jose-Knox Avenue,3810
37.33454,-121.76323,6/21/17,1/9/18,San Jose-Knox Avenue,3810
37.39801,-121.8179,7/11/17,1/9/18,San Jose-Knox Avenue,3810
37.33563,-121.75815,9/23/18,1/4/19,San Jose-Knox Avenue,3810
37.32555556,-121.7644444,7/15/19,7/15/19,San Jose-Knox Avenue,3810
37.37731,-121.79349,7/11/20,7/11/20,San Jose-Knox Avenue,3810
37.0125,-122.046,11/3/18,1/4/19,San Lorenzo Valley Middle School AMS,3811
37.12857,-122.12036,11/16/18,1/4/19,San Lorenzo Valley Middle School AMS,3811
36.96607,-121.55552,7/23/17,1/9/18,Gilroy-9th Street,2320
36.99092,-121.59899,9/3/17,1/9/18,Gilroy-9th Street,2320
37.06367,-121.53586,7/6/18,1/4/19,Gilroy-9th Street,2320
37.07793,-121.600023,7/25/18,1/4/19,Gilroy-9th Street,2320
37.093243,-121.586846,7/12/19,7/12/19,Gilroy-9th Street,2320
37.034839,-121.501532,7/5/20,7/13/20,Gilroy-9th Street,2320
36.974519,-120.044449,6/1/24,6/2/24,Madera-28261 Avenue 14,3771
36.80296,-121.40304,6/3/16,6/3/16,Hollister-Fairview Road,2628
36.85596,-121.30983,7/4/17,1/9/18,Hollister-Fairview Road,2628
36.83036,-121.36446,6/3/18,1/4/19,Hollister-Fairview Road,2628
36.796,-121.40604,7/25/18,1/4/19,Hollister-Fairview Road,2628
36.88286,-119.654,5/25/16,5/25/16,Clovis-N Villa Avenue,3026
36.692574,-119.645931,10/4/24,10/5/24,Fresno-Hamilton and Winery,3485
36.69845,-121.57407,6/21/20,6/22/20,Salinas-High School,3489
36.704679,-120.405077,6/11/17,1/9/18,Tranquility-32650 West Adams Avenue,3759
36.616986,-120.369347,6/11/17,1/9/18,Tranquility-32650 West Adams Avenue,3759
36.49845,-118.9009,7/30/15,8/5/15,Sequoia and Kings Canyon Natl Park,3484
36.45809,-118.87676,6/7/17,1/9/18,Sequoia and Kings Canyon Natl Park,3484
36.567,-118.811,9/10/21,12/21/21,Sequoia and Kings Canyon Natl Park,3484
36.5696373,-121.7556029,9/19/15,9/21/15,Carmel Valley-Ford Road,2016
36.203824,-121.141238,11/21/24,11/23/24,King City-415 Pearl Street,3726
36.10007,-119.017899,7/3/21,7/4/21,Porterville-1839 Newcomb Street,3763
36.051411,-118.98167,5/16/22,5/16/22,Porterville-1839 Newcomb Street,3763
35.96289,-119.0507,7/18/24,7/20/24,Porterville-1839 Newcomb Street,3763
35.5123,-120.6368,5/25/13,5/25/13,Atascadero-Lift Station #5,3812
35.457978,-120.751555,11/8/13,11/9/13,Atascadero-Lift Station #5,3812
35.58354,-120.624135,6/14/18,1/4/19,Atascadero-Lift Station #5,3812
35.3477,-120.6269,8/16/15,8/28/15,SLO-Roberto,3849
35.346,-120.62825,7/7/17,1/9/18,SLO-Roberto,3849
35.3024,-120.65279,9/26/17,1/9/18,SLO-Roberto,3849
35.30151,-120.64398,9/16/18,1/4/19,SLO-Roberto,3849
35.17977,-120.69959,6/15/20,6/19/20,SLO-Roberto,3849
35.2808,-120.644,10/30/23,11/1/23,SLO-Roberto,3849
35.275553,-120.644048,8/20/24,8/20/24,SLO-Roberto,3849
35.06472,-120.5634,7/20/17,1/9/18,Arroyo Grande-2391 Willow Road,3762
34.7861,-118.9411,5/15/13,5/21/13,Lebec-Beartrap Road,3769
34.90327,-118.93388,7/23/13,7/25/13,Lebec-Beartrap Road,3769
34.882,-118.9194,7/19/13,7/22/13,Lebec-Beartrap Road,3769
34.792882,-118.851943,7/28/17,1/9/18,Lebec-Beartrap Road,3769
34.86022,-118.87881,7/8/18,1/4/19,Lebec-Beartrap Road,3769
34.91482,-118.92485,9/12/18,1/4/19,Lebec-Beartrap Road,3769
34.83498,-118.86258,6/18/21,6/20/21,Lebec-Beartrap Road,3769
34.919,-118.891,6/27/21,6/30/21,Lebec-Beartrap Road,3769
34.808751,-118.87933,7/4/21,7/12/21,Lebec-Beartrap Road,3769
34.85178,-118.81448,7/11/21,7/12/21,Lebec-Beartrap Road,3769
34.936618,-118.889446,6/22/22,6/27/22,Lebec-Beartrap Road,3769
34.8866,-118.9033,7/7/23,7/11/23,Lebec-Beartrap Road,3769
34.79208,-118.8521,6/15/24,6/26/24,Lebec-Beartrap Road,3769
34.609,-120.454,5/13/14,5/19/14,Lompoc-S H Street,2360
34.63445,-120.54421,9/17/16,9/27/16,Lompoc-S H Street,2360
34.67403,-120.4393,9/29/17,1/9/18,Lompoc-S H Street,2360
34.605358,-120.414875,12/14/17,1/9/18,Lompoc-S H Street,2360
34.691118,-120.501728,11/7/24,11/12/24,Lompoc-S H Street,2360
34.52927,-117.31544,12/26/20,12/28/20,Victorville-14306 Park Avenue,3500
34.463889,-119.831389,7/6/18,1/4/19,Goleta-Fairview,3153
34.5025,-119.785,11/25/19,12/14/19,Goleta-Fairview,3153
34.4828,-119.63216,10/29/15,11/9/15,Santa Barbara-700 East Canon Perdido,3665
34.46182,-118.77347,6/10/20,6/17/20,Piru-3301 Pacific Avenue,3505
34.419284,-118.58688,5/28/13,5/29/13,Santa Clarita,3502
34.361007,-118.535793,6/24/15,6/26/15,Santa Clarita,3502
34.36763,-118.57245,7/9/16,7/16/16,Santa Clarita,3502
34.37443,-118.49343,6/25/17,1/9/18,Santa Clarita,3502
34.45283,-118.58188,12/5/17,1/18/18,Santa Clarita,3502
34.38039,-118.60441,7/23/18,1/4/19,Santa Clarita,3502
34.32988,-118.48161,10/10/19,10/31/19,Santa Clarita,3502
34.3428,-118.49731,8/3/20,8/6/20,Santa Clarita,3502
34.3585229,-118.5553174,1/19/21,1/22/21,Santa Clarita,3502
34.356691,-118.507954,7/25/23,7/27/23,Santa Clarita,3502
34.32533,-118.478134,1/7/25,1/16/25,Santa Clarita,3502
34.3087,-118.5111,1/10/25,1/10/25,Santa Clarita,3502
34.27619,-118.63264,7/1/16,7/1/16,Simi Valley-Cochran Street,2880
34.235,-118.70128,11/8/18,1/4/19,Simi Valley-Cochran Street,2880
34.26734825,-118.6438159,11/12/18,1/4/19,Simi Valley-Cochran Street,2880
34.30277328,-118.700095,4/4/21,4/5/21,Simi Valley-Cochran Street,2880
34.185198,-118.66991,1/9/25,1/12/25,Simi Valley-Cochran Street,2880
34.288877,-116.941311,4/20/13,4/22/13,Big Bear City-501 W. Valley Blvd,3266
34.288877,-116.941311,5/1/13,5/4/13,Big Bear City-501 W. Valley Blvd,3266
34.23,-116.883,8/23/15,9/11/15,Big Bear City-501 W. Valley Blvd,3266
34.2976,-116.826,6/19/17,1/9/18,Big Bear City-501 W. Valley Blvd,3266
34.177,-116.882,9/5/22,9/30/22,Big Bear City-501 W. Valley Blvd,3266
34.30166667,-119.0991667,11/15/18,1/4/19,El Rio-Rio Mesa School #2,2991
34.23955,-119.20187,10/11/19,10/12/19,El Rio-Rio Mesa School #2,2991
34.29475,-119.17808,6/10/20,6/12/20,El Rio-Rio Mesa School #2,2991
34.165974,-117.243878,6/25/15,6/29/15,Crestline,2499
34.3183,-117.3189,9/7/16,9/9/16,Crestline,2499
34.28771,-117.27338,8/7/16,8/16/16,Crestline,2499
34.304722,-117.3125,7/4/17,1/9/18,Crestline,2499
34.19076,-117.26969,7/31/17,1/9/18,Crestline,2499
34.16564,-117.33334,12/5/17,1/9/18,Crestline,2499
34.15475,-117.244366,8/31/18,1/4/19,Crestline,2499
34.183,-117.285,10/31/19,11/5/19,Crestline,2499
34.20849,-117.280416,6/28/21,7/1/21,Crestline,2499
34.164501,-117.333215,9/22/21,9/23/21,Crestline,2499
34.15,-118.879444,11/7/15,11/7/15,Thousand Oaks-Moorpark Road,2984
34.22685,-118.93444,11/8/18,1/4/19,Thousand Oaks-Moorpark Road,2984
34.282179,-118.803389,10/30/19,11/2/19,Thousand Oaks-Moorpark Road,2984
34.20955,-118.83967,1/14/21,1/15/21,Thousand Oaks-Moorpark Road,2984
34.172602,-118.475521,8/3/24,8/4/24,Reseda,2420
34.276,-118.354,5/23/16,5/25/16,North Hollywood,3844
34.110516,-118.427886,6/12/18,1/4/19,North Hollywood,3844
34.149,-117.908,9/23/13,9/28/13,Glendora-Laurel,2849
34.1703,-117.8816,1/16/14,1/27/14,Glendora-Laurel,2849
34.23925,-117.85182,8/3/17,1/9/18,Glendora-Laurel,2849
34.2325,-117.846111,9/9/18,1/4/19,Glendora-Laurel,2849
34.17363,-117.889503,7/30/20,8/14/20,Glendora-Laurel,2849
34.160265,-117.910498,8/13/20,10/5/20,Glendora-Laurel,2849
34.146195,-117.778561,11/6/20,11/7/20,Glendora-Laurel,2849
34.2026,-117.8608,8/29/22,9/7/22,Glendora-Laurel,2849
34.04447,-118.21608,8/2/20,8/4/20,Los Angeles-North Main Street,2899
33.986204,-117.43942,7/12/15,7/12/15,Riverside-Rubidoux,2596
33.97155,-117.44148,5/18/17,1/9/18,Riverside-Rubidoux,2596
33.9885,-117.38417,12/21/17,1/9/18,Riverside-Rubidoux,2596
33.985972,-117.414111,10/31/19,11/3/19,Riverside-Rubidoux,2596
34.028116,-117.429598,7/25/20,7/28/20,Riverside-Rubidoux,2596
34.0182,-117.4261,7/19/23,7/20/23,Riverside-Rubidoux,2596
34.04119,-117.43441,6/30/24,7/1/24,Riverside-Rubidoux,2596
33.9278521,-117.3727011,7/21/24,7/25/24,Riverside-Rubidoux,2596
33.979878,-117.401904,10/18/24,10/19/24,Riverside-Rubidoux,2596
34.002023,-117.440844,12/17/24,12/18/24,Riverside-Rubidoux,2596
33.989,-117.3887,1/14/25,1/14/25,Riverside-Rubidoux,2596
33.99316,-117.48405,7/4/17,1/9/18,Mira Loma Van Buren,3702
33.96514,-117.4764,12/4/17,1/9/18,Mira Loma Van Buren,3702
34.01778,-117.4625,10/31/19,11/2/19,Mira Loma Van Buren,3702
33.965596,-117.471517,5/24/21,5/27/21,Mira Loma Van Buren,3702
33.952633,-117.487947,11/21/21,12/2/21,Mira Loma Van Buren,3702
34.018021,-117.462367,5/6/22,5/7/22,Mira Loma Van Buren,3702
33.968307,-117.462524,6/25/22,6/29/22,Mira Loma Van Buren,3702
34.0204,-117.5072,7/8/23,7/8/23,Mira Loma Van Buren,3702
33.975351,-117.505873,5/31/24,6/1/24,Mira Loma Van Buren,3702
33.96682,-117.47055,1/21/25,1/25/25,Mira Loma Van Buren,3702
33.894055,-116.855019,5/4/13,5/5/13,Banning Airport,3168
33.96201,-116.907213,5/20/13,5/20/13,Banning Airport,3168
33.99647,-116.84137,6/9/13,6/9/13,Banning Airport,3168
33.86157,-116.90427,8/7/13,8/12/13,Banning Airport,3168
33.87107,-116.88097,6/4/17,1/9/18,Banning Airport,3168
33.950382,-116.884446,6/15/17,1/9/18,Banning Airport,3168
33.95036,-116.88066,8/14/17,1/9/18,Banning Airport,3168
33.88994,-116.91023,12/13/17,1/9/18,Banning Airport,3168
33.8615,-116.897333,10/10/19,10/12/19,Banning Airport,3168
33.895007,-116.90145,6/2/21,6/4/21,Banning Airport,3168
33.918089,-116.877776,8/25/21,8/28/21,Banning Airport,3168
33.886637,-116.900635,5/15/22,5/16/22,Banning Airport,3168
33.907342,-116.946498,7/14/23,7/17/23,Banning Airport,3168
33.9372,-116.9081,7/27/23,7/28/23,Banning Airport,3168
33.91436,-116.76111,8/2/23,8/2/23,Banning Airport,3168
33.9007,-116.7635,12/9/23,12/11/23,Banning Airport,3168
33.9208,-116.807061,5/7/24,5/8/24,Banning Airport,3168
33.896179,-116.917099,5/28/24,6/29/24,Banning Airport,3168
33.886528,-116.90239,11/4/24,11/8/24,Banning Airport,3168
33.62236,-117.40288,8/5/13,8/9/13,Lake Elsinore-W Flint Street,2943
33.71025,-117.31924,6/18/17,1/9/18,Lake Elsinore-W Flint Street,2943
33.763304,-117.314994,7/7/17,1/9/18,Lake Elsinore-W Flint Street,2943
33.689092,-117.396404,7/31/17,1/9/18,Lake Elsinore-W Flint Street,2943
33.6444,-117.3968,8/27/17,1/9/18,Lake Elsinore-W Flint Street,2943
33.73547,-117.33364,9/10/17,1/9/18,Lake Elsinore-W Flint Street,2943
33.60247,-117.34192,10/26/17,1/9/18,Lake Elsinore-W Flint Street,2943
33.67815,-117.32281,4/28/18,1/4/19,Lake Elsinore-W Flint Street,2943
33.742,-117.28189,6/3/18,1/4/19,Lake Elsinore-W Flint Street,2943
33.740219,-117.333728,8/5/19,8/6/19,Lake Elsinore-W Flint Street,2943
33.638067,-117.37581,6/8/20,6/9/20,Lake Elsinore-W Flint Street,2943
33.764357,-117.374419,9/29/20,9/30/20,Lake Elsinore-W Flint Street,2943
33.7505,-117.348,7/11/23,7/13/23,Lake Elsinore-W Flint Street,2943
33.656742,-117.383235,7/25/24,7/28/24,Lake Elsinore-W Flint Street,2943
33.62613,-117.07975,7/13/17,1/9/18,Winchester-33700 Borel Road,3777
33.50488,-117.02132,10/10/17,1/9/18,Winchester-33700 Borel Road,3777
33.59257,-117.14979,12/7/17,1/9/18,Winchester-33700 Borel Road,3777
33.62924,-117.05992,5/17/18,1/4/19,Winchester-33700 Borel Road,3777
33.640051,-117.085354,8/27/18,1/4/19,Winchester-33700 Borel Road,3777
33.623968,-117.108421,7/13/20,7/13/20,Winchester-33700 Borel Road,3777
33.631955,-117.089849,6/1/21,6/1/21,Winchester-33700 Borel Road,3777
33.487833,-117.052745,6/7/24,6/7/24,Winchester-33700 Borel Road,3777
33.3073021,-117.368598,8/13/24,8/18/24,Camp Pendleton,3198
32.93432,-115.5865,4/4/20,4/12/20,Brawley-220 Main Street,3675
32.84796,-116.85396,7/11/17,1/9/18,Alpine-Victoria Drive,2460
32.833674,-116.7311,7/6/18,1/4/19,Alpine-Victoria Drive,2460
32.794768,-116.839743,7/17/19,7/18/19,Alpine-Victoria Drive,2460
32.7947379,-116.8460273,7/12/22,7/13/22,Alpine-Victoria Drive,2460
32.773489,-116.803223,7/17/24,7/19/24,Alpine-Victoria Drive,2460
32.7789,-116.8516,6/27/17,1/9/18,El Cajon-Lexington Elementary School,3829
32.75072,-116.92404,6/3/18,1/4/19,El Cajon-Lexington Elementary School,3829
32.75277778,-116.9075,12/2/20,12/3/20,El Cajon-Lexington Elementary School,3829
32.723389,-116.891493,11/23/23,11/28/23,El Cajon-Lexington Elementary School,3829
32.717599,-116.927749,8/12/24,8/15/24,El Cajon-Lexington Elementary School,3829
32.762706,-117.097441,10/15/19,10/16/19,San Diego - Sherman Elementary School,3846
32.77126,-117.09495,10/31/24,11/3/24,San Diego - Sherman Elementary School,3846
32.564465,-116.900368,5/22/13,5/23/13,Otay Mesa-Donovan,3739
32.59154,-116.89516,8/16/14,8/17/14,Otay Mesa-Donovan,3739
32.6449163,-116.9454387,6/26/15,6/26/15,Otay Mesa-Donovan,3739
32.557566,-116.8663,7/17/18,1/4/19,Otay Mesa-Donovan,3739
32.557566,-116.8663,5/13/19,5/19/19,Otay Mesa-Donovan,3739
32.62305556,-116.9141667,6/29/19,6/30/19,Otay Mesa-Donovan,3739
32.557546,-116.873955,8/25/19,8/28/19,Otay Mesa-Donovan,3739
32.598,-116.9196,10/29/23,10/30/23,Otay Mesa-Donovan,3739
32.58748,-116.894511,6/22/24,6/24/24,Otay Mesa-Donovan,3739
32.675679,-116.92502,8/23/24,8/26/24,Otay Mesa-Donovan,3739
32.5891998,-116.9079487,11/23/24,11/24/24,Otay Mesa-Donovan,3739